<beans xmlns="http://www.springframework.org/schema/beans"
	xmlns:xsi="http://www.w3.org/2001/XMLSchema-instance" xmlns:context="http://www.springframework.org/schema/context"
	xmlns:util="http://www.springframework.org/schema/util" xmlns:p="http://www.springframework.org/schema/p"
	xsi:schemaLocation="http://www.springframework.org/schema/beans
     http://www.springframework.org/schema/beans/spring-beans-3.0.xsd
     http://www.springframework.org/schema/context
     http://www.springframework.org/schema/context/spring-context-3.0.xsd
     http://www.springframework.org/schema/util 
     http://www.springframework.org/schema/util/spring-util-3.0.xsd">

	<context:annotation-config />

	<!-- <context:component-scan base-package="com.igate.spel" /> -->

	<util:list id="employees">
		<bean class="com.spel.Employee" p:eId="10002" p:eName="Aravind"/>
		<bean class="com.spel.Employee" p:eId="10003" p:eName="vinoth"/>
		<bean class="com.spel.Employee" p:eId="10004" p:eName="alex"/>
		<bean class="com.spel.Employee" p:eId="10033" p:eName="vinitha"/>
		<bean class="com.spel.Employee" p:eId="10404" p:eName="abraham"/>
		<bean class="com.spel.Employee" p:eId="10063" p:eName="anand"/>
		<bean class="com.spel.Employee" p:eId="12004" p:eName="aneesh"/>
	</util:list>
	<bean class="com.spel.Company" id="company">
	<property name="cId" value="#{T(java.lang.Math).random()*100}"></property>
	<!-- <property name="cId" value="#{T(java.lang.Math).PI}"></property> -->
	<!-- <property name="cId" value="#{123*34}"></property> -->
	<!-- <property name="Name" value="#{'CAPGEMINI'}"></property> -->
	<property name="Name" value="#{cEmp.cName}"></property> 
	<property name="empl" value="#{employees[0]}"></property> 
	<!-- <property name="empList" value="#{employees}"></property> -->
	<property name="empList" value="#{employees.?[eId>11000]}"></property>
	</bean>	
	<bean id="cEmp" class="com.spel.ContractEmployee">
		<property name="cId" value="1009"></property>
		<property name="cName" value="Vinay"></property>
	</bean>
 
</beans>